City_ID,City,Country,Date,Lat,Lng,Max Temp,Humidity,Cloudiness,Wind Speed,Current Description
0,Aasiaat,GL,2021-04-26 01:30:11,68.7098,-52.8699,33.31,84,100,5.3,overcast clouds
1,Thompson,CA,2021-04-26 01:26:33,55.7435,-97.8558,32.0,93,90,7.23,light snow
2,Punta Arenas,CL,2021-04-26 01:30:12,-53.15,-70.9167,48.2,87,75,3.44,light rain
3,Lagoa,PT,2021-04-26 01:30:12,39.05,-27.9833,59.16,84,100,10.94,overcast clouds
4,Iskateley,RU,2021-04-26 01:30:12,67.6803,53.1512,37.22,93,100,6.2,overcast clouds
5,Cape Town,ZA,2021-04-26 01:30:13,-33.9258,18.4232,63.0,88,75,12.66,broken clouds
6,Namibe,AO,2021-04-26 01:30:13,-15.1961,12.1522,75.52,69,0,10.96,clear sky
7,Necochea,AR,2021-04-26 01:30:13,-38.5473,-58.7368,54.0,90,56,5.37,broken clouds
8,Port Alfred,ZA,2021-04-26 01:30:14,-33.5906,26.891,71.11,48,87,11.77,overcast clouds
9,North Platte,US,2021-04-26 01:30:14,41.1239,-100.7654,75.2,25,1,9.22,clear sky
10,Olinda,BR,2021-04-26 01:30:14,-8.0089,-34.8553,78.8,73,40,6.91,scattered clouds
11,Arraial Do Cabo,BR,2021-04-26 01:30:15,-22.9661,-42.0278,74.23,85,64,9.44,broken clouds
12,Tebingtinggi,ID,2021-04-26 01:30:15,3.3285,99.1625,77.0,100,40,4.61,scattered clouds
13,Sandnessjoen,NO,2021-04-26 01:30:15,66.0217,12.6316,32.0,93,75,3.44,broken clouds
14,Nikolskoye,RU,2021-04-26 01:30:15,59.7035,30.7861,37.99,87,75,8.95,broken clouds
15,Torbay,CA,2021-04-26 01:30:16,47.6666,-52.7314,42.01,65,1,13.8,clear sky
16,Lokosovo,RU,2021-04-26 01:30:16,61.1333,74.8167,38.21,82,72,11.07,broken clouds
17,Hithadhoo,MV,2021-04-26 01:30:16,-0.6,73.0833,82.44,68,60,4.56,broken clouds
18,Isla Vista,US,2021-04-26 01:30:16,34.4133,-119.861,57.0,82,90,16.11,light rain
19,Punta Arenas,CL,2021-04-26 01:30:12,-53.15,-70.9167,48.2,87,75,3.44,light rain
20,Bahia Honda,CU,2021-04-26 01:30:51,22.9036,-83.1592,77.05,81,18,2.35,few clouds
21,Sawtell,AU,2021-04-26 01:32:03,-30.3833,153.1,69.8,64,8,11.5,clear sky
22,Vaini,TO,2021-04-26 01:32:04,-21.2,-175.2,82.4,78,75,6.91,light rain
23,Mataura,NZ,2021-04-26 01:32:04,-46.1927,168.8643,46.99,88,100,17.0,overcast clouds
24,Rikitea,PF,2021-04-26 01:32:04,-23.1203,-134.9692,78.01,75,28,5.97,scattered clouds
25,Khatanga,RU,2021-04-26 01:32:05,71.9667,102.5,13.82,92,100,14.7,light snow
26,Vitry-Le-Francois,FR,2021-04-26 01:27:26,48.7333,4.5833,48.2,46,0,12.66,clear sky
27,Avarua,CK,2021-04-26 01:32:05,-21.2078,-159.775,82.4,74,20,10.36,few clouds
28,Chokurdakh,RU,2021-04-26 01:32:05,70.6333,147.9167,28.58,95,100,13.53,light snow
29,Margate,GB,2021-04-26 01:32:06,51.3813,1.3862,43.0,70,9,4.0,clear sky
30,Shimanovsk,RU,2021-04-26 01:32:06,52.0,127.7,57.7,25,100,11.43,overcast clouds
31,Horsham,GB,2021-04-26 01:32:06,51.064,-0.3272,41.0,70,0,11.5,clear sky
32,Bluff,NZ,2021-04-26 01:32:07,-46.6,168.3333,46.99,88,96,17.0,overcast clouds
33,Ejura,GH,2021-04-26 01:32:07,7.3856,-1.3562,75.9,88,61,5.03,broken clouds
34,Dikson,RU,2021-04-26 01:32:07,73.5069,80.5464,17.53,93,100,16.28,light snow
35,Norman Wells,CA,2021-04-26 01:32:07,65.282,-126.8329,37.4,41,20,11.5,few clouds
36,Springbok,ZA,2021-04-26 01:32:08,-29.6643,17.8865,59.27,48,98,2.33,overcast clouds
37,Upernavik,GL,2021-04-26 01:32:08,72.7868,-56.1549,27.91,78,61,4.07,broken clouds
38,Ushuaia,AR,2021-04-26 01:32:08,-54.8,-68.3,46.4,81,90,20.71,light intensity drizzle
39,Saint-Philippe,RE,2021-04-26 01:32:09,-21.3585,55.7679,77.0,69,90,13.8,light rain
40,Cape Town,ZA,2021-04-26 01:30:13,-33.9258,18.4232,63.0,88,75,12.66,broken clouds
41,Carutapera,BR,2021-04-26 01:32:09,-1.195,-46.02,76.15,91,32,5.14,scattered clouds
42,Takhtamygda,RU,2021-04-26 01:32:09,54.1,123.5667,52.29,46,100,4.52,overcast clouds
43,Tuy Hoa,VN,2021-04-26 01:32:09,13.0833,109.3,86.25,65,14,3.87,few clouds
44,Gorele,TR,2021-04-26 01:32:10,41.0308,39.0031,53.6,87,75,6.91,broken clouds
45,Mitsamiouli,KM,2021-04-26 01:32:10,-11.3847,43.2844,80.58,76,100,3.91,overcast clouds
46,Brigantine,US,2021-04-26 01:32:10,39.4101,-74.3646,57.2,62,1,6.91,clear sky
47,Arroyo,ES,2021-04-26 01:32:10,41.6096,-4.7969,51.01,93,20,4.61,few clouds
48,Nerchinsk,RU,2021-04-26 01:32:10,51.9833,116.5833,49.71,57,100,7.36,overcast clouds
49,Kingman,US,2021-04-26 01:32:11,35.1894,-114.053,73.4,11,1,26.46,clear sky
50,Rocha,UY,2021-04-26 01:32:11,-34.4833,-54.3333,59.99,72,79,7.49,broken clouds
51,Pevek,RU,2021-04-26 01:32:12,69.7008,170.3133,24.55,86,99,4.85,overcast clouds
52,Valparaiso,CL,2021-04-26 01:31:30,-33.0393,-71.6273,55.0,93,0,8.43,clear sky
53,Tiznit,MA,2021-04-26 01:32:12,29.5833,-9.5,56.57,77,70,1.99,broken clouds
54,Castro,BR,2021-04-26 01:32:12,-24.7911,-50.0119,57.27,94,97,3.33,overcast clouds
55,Ukrayinka,UA,2021-04-26 01:32:13,47.9167,35.35,37.4,75,0,2.24,clear sky
56,Puerto Baquerizo Moreno,EC,2021-04-26 01:32:13,-0.9,-89.6,75.33,84,3,8.19,clear sky
57,Turukhansk,RU,2021-04-26 01:32:13,65.8167,87.9833,18.14,75,40,4.12,scattered clouds
58,Severo-Kurilsk,RU,2021-04-26 01:32:13,50.6789,156.125,32.13,98,100,13.31,snow
59,Bredasdorp,ZA,2021-04-26 01:32:14,-34.5322,20.0403,51.8,93,95,3.44,overcast clouds
60,Patea,NZ,2021-04-26 01:32:14,-39.7583,174.4833,59.0,69,100,7.0,overcast clouds
61,Albany,US,2021-04-26 01:29:19,42.6001,-73.9662,51.8,53,20,20.71,few clouds
62,Kaitangata,NZ,2021-04-26 01:32:14,-46.2817,169.8464,46.09,91,100,15.99,overcast clouds
63,Busselton,AU,2021-04-26 01:32:15,-33.65,115.3333,64.99,91,99,1.01,overcast clouds
64,Clyde River,CA,2021-04-26 01:32:15,70.4692,-68.5914,23.0,93,90,21.85,mist
65,Nikolskoye,RU,2021-04-26 01:30:15,59.7035,30.7861,37.99,87,75,8.95,broken clouds
66,Hermanus,ZA,2021-04-26 01:32:15,-34.4187,19.2345,59.0,92,1,1.01,clear sky
67,Iqaluit,CA,2021-04-26 01:29:50,63.7506,-68.5145,33.8,86,90,3.15,overcast clouds
68,Puerto Ayora,EC,2021-04-26 01:31:01,-0.7393,-90.3518,75.36,84,7,6.96,clear sky
69,Atuona,PF,2021-04-26 01:32:15,-9.8,-139.0333,80.13,76,66,16.87,broken clouds
70,Sao Filipe,CV,2021-04-26 01:32:16,14.8961,-24.4956,71.56,72,100,9.55,overcast clouds
71,Carbondale,US,2021-04-26 01:32:16,37.7273,-89.2168,60.8,63,1,7.0,clear sky
72,Tiarei,PF,2021-04-26 01:32:16,-17.5333,-149.3333,86.0,66,20,5.75,light rain
73,Souillac,MU,2021-04-26 01:32:16,-20.5167,57.5167,75.2,94,75,11.5,light rain
74,Yenagoa,NG,2021-04-26 01:32:17,4.9247,6.2642,78.33,88,93,3.56,overcast clouds
75,Bambous Virieux,MU,2021-04-26 01:32:17,-20.3428,57.7575,75.2,94,75,11.5,light rain
76,Aykhal,RU,2021-04-26 01:32:17,66.0,111.5,8.11,91,100,30.69,light snow
77,Boke,GN,2021-04-26 01:32:18,10.9409,-14.2967,73.8,77,39,4.09,scattered clouds
78,Tomatlan,MX,2021-04-26 01:32:18,19.9333,-105.25,73.89,78,100,4.03,overcast clouds
79,Canutama,BR,2021-04-26 01:32:18,-6.5339,-64.3831,74.21,96,99,1.97,light rain
80,San Jose,US,2021-04-26 01:28:25,37.3394,-121.895,55.99,71,100,4.27,overcast clouds
81,Carnarvon,AU,2021-04-26 01:32:18,-24.8667,113.6333,78.8,31,0,6.91,clear sky
82,Qaanaaq,GL,2021-04-26 01:32:19,77.484,-69.3632,28.13,65,3,8.66,clear sky
83,Dingzhou,CN,2021-04-26 01:32:19,38.5131,114.9956,60.8,72,99,4.47,haze
84,Khao Yoi,TH,2021-04-26 01:32:19,13.2403,99.8243,88.0,80,93,1.63,overcast clouds
85,Saint-Pierre,RE,2021-04-26 01:32:20,-21.3393,55.4781,77.0,69,90,13.8,overcast clouds
86,Chipata,ZM,2021-04-26 01:32:20,-13.6333,32.65,60.67,93,24,4.99,few clouds
87,Graaff-Reinet,ZA,2021-04-26 01:32:20,-32.2522,24.5308,69.49,25,100,7.05,overcast clouds
88,Georgetown,MY,2021-04-26 01:30:13,5.4112,100.3354,84.2,83,20,5.75,few clouds
89,Dunda,TZ,2021-04-26 01:32:20,-8.1167,34.25,62.24,96,28,1.92,scattered clouds
90,Sorland,NO,2021-04-26 01:32:21,67.667,12.6934,37.71,61,100,10.02,overcast clouds
91,Umri,IN,2021-04-26 01:32:21,26.5106,78.9367,85.06,10,0,5.86,clear sky
92,Moron,AR,2021-04-26 01:32:21,-34.6534,-58.6198,63.0,94,18,1.01,few clouds
93,Thap Khlo,TH,2021-04-26 01:32:21,16.16,100.5966,86.0,70,98,7.18,light rain
94,Port Alfred,ZA,2021-04-26 01:30:14,-33.5906,26.891,71.11,48,87,11.77,overcast clouds
95,Lexington,US,2021-04-26 01:28:21,37.9887,-84.4777,53.6,71,1,4.61,clear sky
96,Nizhneangarsk,RU,2021-04-26 01:32:22,55.7833,109.55,34.57,63,100,5.91,overcast clouds
97,Port Hardy,CA,2021-04-26 01:32:23,50.6996,-127.4199,51.8,82,75,3.44,light rain
98,Bratsk,RU,2021-04-26 01:32:23,56.1325,101.6142,35.6,75,75,15.66,broken clouds
99,Namibe,AO,2021-04-26 01:30:13,-15.1961,12.1522,75.52,69,0,10.96,clear sky
100,Kununurra,AU,2021-04-26 01:32:24,-15.7667,128.7333,87.8,33,99,14.97,overcast clouds
101,Wewak,PG,2021-04-26 01:32:24,-3.5534,143.6268,85.24,65,45,3.87,scattered clouds
102,Erenhot,CN,2021-04-26 01:32:24,43.6475,111.9767,46.83,13,37,34.4,scattered clouds
103,Butaritari,KI,2021-04-26 01:32:25,3.0707,172.7902,83.1,73,18,11.81,few clouds
104,Mar Del Plata,AR,2021-04-26 01:27:58,-38.0023,-57.5575,61.0,87,40,3.44,scattered clouds
105,Tiksi,RU,2021-04-26 01:32:25,71.6872,128.8694,28.58,95,100,10.13,light snow
106,Newport,GB,2021-04-26 01:29:42,51.5877,-2.9984,42.01,78,11,13.27,few clouds
107,Andenes,NO,2021-04-26 01:32:25,69.3143,16.1194,35.6,75,90,10.36,overcast clouds
108,Acapulco,MX,2021-04-26 01:32:25,16.8634,-99.8901,82.4,78,90,5.75,overcast clouds
109,Airai,TL,2021-04-26 01:32:26,-8.9266,125.4092,71.42,41,35,2.73,scattered clouds
110,Birao,CF,2021-04-26 01:32:26,10.2849,22.7882,76.1,64,100,3.47,overcast clouds
111,Yegros,PY,2021-04-26 01:32:26,-26.45,-56.4,57.99,84,4,4.43,clear sky
112,Elliot Lake,CA,2021-04-26 01:32:26,46.3834,-82.6331,32.0,55,20,11.5,few clouds
113,Shubarshi,KZ,2021-04-26 01:32:27,48.5872,57.1869,50.29,81,100,10.33,overcast clouds
114,Cidreira,BR,2021-04-26 01:32:27,-30.1811,-50.2056,66.7,62,100,13.27,overcast clouds
115,Alofi,NU,2021-04-26 01:32:27,-19.0595,-169.9187,84.2,70,94,5.75,overcast clouds
116,Sobolevo,RU,2021-04-26 01:32:27,54.4299,31.8996,28.96,85,12,6.08,few clouds
117,Chuy,UY,2021-04-26 01:32:28,-33.6971,-53.4616,59.95,79,38,8.7,scattered clouds
118,Aklavik,CA,2021-04-26 01:32:28,68.2191,-135.0107,17.6,73,100,8.05,overcast clouds
119,Seddon,AU,2021-04-26 01:32:28,-37.8068,144.8916,63.0,67,90,11.5,overcast clouds
120,Malusac,PH,2021-04-26 01:32:29,14.8587,120.6215,82.4,74,75,6.91,broken clouds
121,Show Low,US,2021-04-26 01:28:45,34.2542,-110.0298,66.2,9,1,23.02,clear sky
122,Torbay,CA,2021-04-26 01:30:16,47.6666,-52.7314,42.01,65,1,13.8,clear sky
123,Bethel,US,2021-04-26 01:32:29,41.3712,-73.414,52.0,76,1,10.85,clear sky
124,New Norfolk,AU,2021-04-26 01:32:29,-42.7826,147.0587,62.01,75,100,7.0,overcast clouds
125,Hilo,US,2021-04-26 01:32:29,19.7297,-155.09,75.2,73,90,11.5,light rain
126,Kapaa,US,2021-04-26 01:32:30,22.0752,-159.319,78.8,69,40,13.8,light rain
127,Warwick,US,2021-04-26 01:32:30,41.7001,-71.4162,51.8,71,90,9.22,overcast clouds
128,Baruun-Urt,MN,2021-04-26 01:32:30,46.6806,113.2792,46.09,14,7,33.55,clear sky
129,Lebu,CL,2021-04-26 01:32:31,-37.6167,-73.65,54.64,92,36,9.28,scattered clouds
130,Sarakhs,IR,2021-04-26 01:32:31,36.5449,61.1577,64.4,36,1,2.3,clear sky
131,Dingle,PH,2021-04-26 01:32:31,10.9995,122.6711,87.69,56,82,4.63,light rain
132,Shingu,JP,2021-04-26 01:32:31,33.7333,135.9833,62.6,29,0,17.27,clear sky
133,Santa Maria,BR,2021-04-26 01:32:32,-29.6842,-53.8069,57.2,82,0,3.44,clear sky
134,Kodiak,US,2021-04-26 01:32:32,57.79,-152.4072,42.8,81,90,8.05,overcast clouds
135,Houma,US,2021-04-26 01:32:32,29.5958,-90.7195,70.0,72,1,2.42,clear sky
136,Turkmenabat,TM,2021-04-26 01:32:32,39.0733,63.5786,60.8,39,0,6.91,clear sky
137,Yarmouth,US,2021-04-26 01:32:33,41.7057,-70.2286,48.2,87,90,13.8,overcast clouds
138,Cabo San Lucas,MX,2021-04-26 01:32:33,22.8909,-109.9124,78.01,29,90,11.5,overcast clouds
139,Saint George,US,2021-04-26 01:31:01,37.1041,-113.5841,77.0,15,1,25.32,clear sky
140,Kiama,AU,2021-04-26 01:32:33,-34.6833,150.8667,71.01,59,0,1.01,clear sky
141,Ponta Do Sol,PT,2021-04-26 01:32:33,32.6667,-17.1,57.99,86,52,3.0,broken clouds
142,Faanui,PF,2021-04-26 01:32:34,-16.4833,-151.75,81.34,63,5,1.19,clear sky
143,Washougal,US,2021-04-26 01:32:34,45.5826,-122.3534,57.99,58,75,10.36,broken clouds
144,Husavik,IS,2021-04-26 01:32:34,66.0449,-17.3389,35.6,93,90,11.5,overcast clouds
145,Morant Bay,JM,2021-04-26 01:32:35,17.8815,-76.4093,80.6,74,20,6.91,few clouds
146,Saskylakh,RU,2021-04-26 01:32:35,71.9167,114.0833,14.61,92,100,23.11,light snow
147,East London,ZA,2021-04-26 01:32:35,-33.0153,27.9116,67.77,48,100,9.15,overcast clouds
148,Egvekinot,RU,2021-04-26 01:32:35,66.3167,-179.1667,28.92,88,11,1.03,few clouds
149,Roald,NO,2021-04-26 01:32:36,62.5833,6.1333,35.6,87,8,10.36,clear sky
150,Provideniya,RU,2021-04-26 01:32:36,64.3833,-173.3,41.0,60,0,4.47,clear sky
151,Pisco,PE,2021-04-26 01:32:36,-13.7,-76.2167,64.4,88,75,3.44,broken clouds
152,Coihaique,CL,2021-04-26 01:32:37,-45.5752,-72.0662,55.4,58,75,8.05,broken clouds
153,Nador,MA,2021-04-26 01:32:37,35.174,-2.9287,60.8,94,0,3.44,clear sky
154,Kortkeros,RU,2021-04-26 01:32:38,61.8106,51.5806,37.4,93,90,6.71,overcast clouds
155,Thompson,CA,2021-04-26 01:26:33,55.7435,-97.8558,32.0,93,90,7.23,light snow
156,Lorengau,PG,2021-04-26 01:32:38,-2.0226,147.2712,85.75,65,86,3.4,overcast clouds
157,Iquitos,PE,2021-04-26 01:31:31,-3.7481,-73.2472,80.6,89,40,3.44,scattered clouds
158,Yellowknife,CA,2021-04-26 01:32:05,62.456,-114.3525,10.4,72,90,12.66,light snow
159,Necochea,AR,2021-04-26 01:30:13,-38.5473,-58.7368,54.0,90,56,5.37,broken clouds
160,Katsuura,JP,2021-04-26 01:32:39,35.1333,140.3,57.99,35,0,17.27,clear sky
161,Nanortalik,GL,2021-04-26 01:32:39,60.1432,-45.2371,38.28,89,100,6.06,light rain
162,Okha,RU,2021-04-26 01:32:39,53.5739,142.9478,32.04,43,0,3.51,clear sky
163,Fortuna,US,2021-04-26 01:32:40,40.5982,-124.1573,53.01,81,75,6.91,broken clouds
164,Komsomolskiy,UZ,2021-04-26 01:32:40,40.4272,71.7189,60.8,44,0,9.22,clear sky
165,Kidal,ML,2021-04-26 01:32:40,18.4411,1.4078,84.81,7,5,3.83,clear sky
166,Jamestown,US,2021-04-26 01:31:15,42.097,-79.2353,37.0,69,75,10.36,broken clouds
167,Prachin Buri,TH,2021-04-26 01:32:41,14.0833,101.6667,86.14,68,66,4.03,broken clouds
168,Bathsheba,BB,2021-04-26 01:32:41,13.2167,-59.5167,78.8,65,40,14.97,scattered clouds
169,Guerrero Negro,MX,2021-04-26 01:32:41,27.9769,-114.0611,59.86,80,100,15.26,overcast clouds
170,Tezu,IN,2021-04-26 01:32:42,27.9167,96.1667,91.76,14,3,2.26,clear sky
171,Vao,NC,2021-04-26 01:32:42,-22.6667,167.4833,74.41,69,73,15.52,broken clouds
172,Barrow,US,2021-04-26 01:31:15,71.2906,-156.7887,21.2,79,1,20.71,clear sky
173,Dunedin,NZ,2021-04-26 01:28:46,-45.8742,170.5036,62.01,32,50,27.0,scattered clouds
174,Tasiilaq,GL,2021-04-26 01:32:42,65.6145,-37.6368,39.2,60,90,13.8,overcast clouds
175,Hobart,AU,2021-04-26 01:32:34,-42.8794,147.3294,64.4,45,40,16.11,scattered clouds
176,Antofagasta,CL,2021-04-26 01:32:43,-23.65,-70.4,60.8,82,0,4.61,clear sky
177,San Policarpo,PH,2021-04-26 01:32:43,12.1791,125.5072,81.32,69,9,10.02,clear sky
178,Coquimbo,CL,2021-04-26 01:32:43,-29.9533,-71.3436,55.4,88,0,3.44,clear sky
179,Lerwick,GB,2021-04-26 01:32:44,60.1545,-1.1494,42.8,93,100,4.61,overcast clouds
180,Naze,JP,2021-04-26 01:32:44,28.3667,129.4833,75.2,60,75,14.97,broken clouds
181,Pimentel,PE,2021-04-26 01:32:44,-6.8367,-79.9342,68.0,77,0,18.41,clear sky
182,Fort Nelson,CA,2021-04-26 01:30:05,58.8053,-122.7002,57.2,17,75,5.75,broken clouds
183,Hovd,MN,2021-04-26 01:32:45,48.0056,91.6419,33.73,22,0,0.67,clear sky
184,Tyler,US,2021-04-26 01:30:59,32.3513,-95.3011,73.4,53,1,8.05,clear sky
185,Viedma,AR,2021-04-26 01:32:45,-40.8135,-62.9967,54.97,72,36,10.22,scattered clouds
186,Kutiyana,IN,2021-04-26 01:32:45,21.6233,69.9817,82.08,66,0,8.41,clear sky
187,Thurso,GB,2021-04-26 01:32:45,58.5927,-3.5259,44.6,87,100,3.44,light rain
188,Pangnirtung,CA,2021-04-26 01:32:46,66.1451,-65.7125,31.03,83,98,5.64,overcast clouds
189,Salalah,OM,2021-04-26 01:32:46,17.0151,54.0924,80.6,74,40,3.44,scattered clouds
190,Gucheng,CN,2021-04-26 01:32:46,35.9115,111.3192,61.77,60,63,4.12,broken clouds
191,Sitka,US,2021-04-26 01:32:46,57.0531,-135.33,57.2,44,1,3.44,clear sky
192,Touros,BR,2021-04-26 01:32:47,-5.1989,-35.4608,78.8,83,40,4.61,scattered clouds
193,Matara,LK,2021-04-26 01:32:47,5.9485,80.5353,78.8,85,100,2.42,overcast clouds
194,Hervey Bay,AU,2021-04-26 01:32:47,-25.2986,152.8535,77.0,59,21,5.99,few clouds
195,Havoysund,NO,2021-04-26 01:32:47,70.9963,24.6622,32.0,100,75,5.75,light snow
196,Gamba,GA,2021-04-26 01:32:48,-2.65,10.0,77.58,88,45,1.63,scattered clouds
197,Mokhsogollokh,RU,2021-04-26 01:32:48,61.4681,128.9203,34.47,98,100,4.59,light rain
198,Tuktoyaktuk,CA,2021-04-26 01:32:48,69.4541,-133.0374,12.2,85,90,16.11,snow
199,Tura,IN,2021-04-26 01:32:48,25.5198,90.2201,88.5,23,4,5.46,clear sky
200,Lavrentiya,RU,2021-04-26 01:32:49,65.5833,-171.0,32.99,94,95,0.96,overcast clouds
201,Chute-Aux-Outardes,CA,2021-04-26 01:32:49,49.1168,-68.399,42.8,61,75,17.27,broken clouds
202,Severnoye,RU,2021-04-26 01:32:49,56.3491,78.3619,43.79,66,100,9.84,overcast clouds
203,Bay Roberts,CA,2021-04-26 01:32:49,47.5999,-53.2648,42.01,79,9,1.01,clear sky
204,Zhigalovo,RU,2021-04-26 01:32:50,54.8097,105.1578,36.59,74,94,11.43,overcast clouds
205,Brownsville,US,2021-04-26 01:30:23,25.9018,-97.4975,77.0,73,1,11.5,clear sky
206,Longyearbyen,SJ,2021-04-26 01:32:50,78.2186,15.6401,6.44,89,54,0.74,broken clouds
207,Elizabeth City,US,2021-04-26 01:32:50,36.2946,-76.2511,55.4,71,1,4.61,clear sky
208,Kavieng,PG,2021-04-26 01:32:50,-2.5744,150.7967,83.68,67,91,2.53,overcast clouds
209,Srinagar,IN,2021-04-26 01:32:51,34.0833,74.8167,52.2,45,0,1.36,clear sky
210,Tuatapere,NZ,2021-04-26 01:32:51,-46.1333,167.6833,46.99,88,100,17.0,overcast clouds
211,Nouadhibou,MR,2021-04-26 01:32:51,20.931,-17.0347,64.4,88,0,16.11,clear sky
212,Umm Lajj,SA,2021-04-26 01:31:40,25.0213,37.2685,78.73,59,0,10.13,clear sky
213,Alice Springs,AU,2021-04-26 01:32:51,-23.7,133.8833,73.99,28,0,16.11,clear sky
214,Lasa,IT,2021-04-26 01:32:52,46.6166,10.7002,48.0,75,0,3.44,clear sky
215,Bismarck,US,2021-04-26 01:32:52,46.8083,-100.7837,39.2,87,90,8.05,overcast clouds
216,Brae,GB,2021-04-26 01:32:52,60.3964,-1.353,42.8,93,100,4.61,overcast clouds
217,Kruisfontein,ZA,2021-04-26 01:32:52,-34.0033,24.7314,65.19,52,100,4.14,overcast clouds
218,Ayan,RU,2021-04-26 01:32:53,56.45,138.1667,31.59,77,91,5.37,overcast clouds
219,Agropoli,IT,2021-04-26 01:32:53,40.3469,14.9966,53.01,58,13,1.01,few clouds
220,Ribeira Grande,PT,2021-04-26 01:32:53,38.5167,-28.7,59.0,72,20,11.5,few clouds
221,Vila Praia De Ancora,PT,2021-04-26 01:32:54,41.811,-8.8526,61.0,88,0,4.61,clear sky
222,Barra Patuca,HN,2021-04-26 01:32:54,15.8,-84.2833,80.28,71,71,14.32,broken clouds
223,Mahebourg,MU,2021-04-26 01:32:54,-20.4081,57.7,75.2,94,75,11.5,light rain
224,Genhe,CN,2021-04-26 01:32:54,50.7833,121.5167,59.04,26,100,11.3,overcast clouds
225,Kilindoni,TZ,2021-04-26 01:32:55,-7.9139,39.6668,79.02,82,74,8.05,light rain
226,Paka,MY,2021-04-26 01:32:55,4.6374,103.4368,82.4,83,20,3.44,few clouds
227,Faya,SA,2021-04-26 01:32:56,18.3851,42.4509,60.8,59,40,7.34,scattered clouds
228,Rio Grande,BR,2021-04-26 01:32:56,-32.035,-52.0986,60.01,87,43,4.0,light rain
229,Hobyo,SO,2021-04-26 01:32:56,5.3505,48.5268,82.85,64,78,8.52,broken clouds
230,Mende,FR,2021-04-26 01:32:56,44.6667,3.5,38.71,81,100,3.62,overcast clouds
231,Sarangani,PH,2021-04-26 01:32:57,5.4033,125.4636,83.79,74,100,11.88,overcast clouds
232,Makakilo City,US,2021-04-26 01:29:15,21.3469,-158.0858,82.4,54,90,10.36,overcast clouds
233,Bowen,AU,2021-04-26 01:32:57,-20.0167,148.2333,77.0,65,90,17.27,overcast clouds
234,Harper,LR,2021-04-26 01:32:57,4.375,-7.7169,76.24,87,100,5.03,overcast clouds
235,Northam,GB,2021-04-26 01:32:58,51.0333,-4.2167,44.01,80,48,11.99,scattered clouds
236,Pacifica,US,2021-04-26 01:31:04,37.6138,-122.4869,55.99,82,40,5.75,mist
237,Kahului,US,2021-04-26 01:29:38,20.8947,-156.47,78.8,65,40,26.46,scattered clouds
238,Boa Vista,BR,2021-04-26 01:32:58,2.8197,-60.6733,80.6,83,75,2.3,light rain
239,Traverse City,US,2021-04-26 01:32:29,44.7631,-85.6206,35.6,60,75,5.75,broken clouds
240,Saint-Augustin,CA,2021-04-26 01:32:58,51.226,-58.6502,37.6,78,28,5.48,scattered clouds
241,Berbera,SO,2021-04-26 01:32:59,10.4396,45.0143,83.91,74,100,5.68,light rain
242,Banyo,CM,2021-04-26 01:33:00,6.75,11.8167,67.01,78,63,1.97,broken clouds
243,Tarko-Sale,RU,2021-04-26 01:33:00,64.9225,77.785,32.0,80,100,14.38,overcast clouds
244,Leningradskiy,RU,2021-04-26 01:33:01,69.3833,178.4167,29.23,83,100,1.48,overcast clouds
245,Itumba,TZ,2021-04-26 01:33:01,-9.4,33.1833,59.99,96,53,3.6,broken clouds
246,Talcahuano,CL,2021-04-26 01:33:01,-36.7167,-73.1167,55.4,100,0,10.36,clear sky
247,College,US,2021-04-26 01:29:56,64.8569,-147.8028,66.2,20,1,0.98,clear sky
248,Qaqortoq,GL,2021-04-26 01:33:02,60.7167,-46.0333,50.0,32,75,33.38,light rain
249,Hirara,JP,2021-04-26 01:33:02,24.8,125.2833,75.2,60,20,12.66,few clouds
250,Talnakh,RU,2021-04-26 01:33:02,69.4865,88.3972,6.73,88,97,7.65,overcast clouds
251,Esperance,AU,2021-04-26 01:33:03,-33.8667,121.9,73.4,33,0,17.27,clear sky
252,Greeley,US,2021-04-26 01:28:26,40.4233,-104.7091,73.4,17,1,3.44,clear sky
253,Bambanglipuro,ID,2021-04-26 01:33:03,-7.95,110.2833,83.44,66,1,3.09,clear sky
254,Tinskoy,RU,2021-04-26 01:33:03,56.1525,96.9161,36.9,92,100,9.33,light snow
255,Krasnooktyabrskiy,RU,2021-04-26 01:33:04,44.9328,38.3712,46.4,93,90,2.24,overcast clouds
256,Henties Bay,NA,2021-04-26 01:33:04,-22.116,14.2845,61.0,92,5,3.0,clear sky
257,Araguaina,BR,2021-04-26 01:33:04,-7.1911,-48.2072,74.16,89,100,2.19,overcast clouds
258,Shimoda,JP,2021-04-26 01:33:05,34.6667,138.95,57.2,41,20,19.57,few clouds
259,Anadyr,RU,2021-04-26 01:33:05,64.75,177.4833,26.6,93,75,2.24,fog
260,Hasaki,JP,2021-04-26 01:33:05,35.7333,140.8333,59.0,28,20,17.27,few clouds
261,Bardiyah,LY,2021-04-26 01:33:06,31.7561,25.0865,60.66,79,0,22.32,clear sky
262,Camana,PE,2021-04-26 01:33:06,-16.6228,-72.7111,67.89,84,46,5.59,scattered clouds
263,Tondano,ID,2021-04-26 01:33:06,1.3038,124.9112,86.0,62,20,3.44,few clouds
264,Manokwari,ID,2021-04-26 01:33:07,-0.8667,134.0833,82.04,75,88,7.09,overcast clouds
265,Yar-Sale,RU,2021-04-26 01:33:07,66.8333,70.8333,33.3,99,100,11.83,overcast clouds
266,Iturama,BR,2021-04-26 01:33:07,-19.7281,-50.1956,67.6,41,49,4.59,scattered clouds
267,Kabale,UG,2021-04-26 01:33:07,-1.2486,29.9899,55.36,93,100,1.57,overcast clouds
268,Port Elizabeth,ZA,2021-04-26 01:33:08,-33.918,25.5701,57.2,88,0,5.75,clear sky
269,Haines Junction,CA,2021-04-26 01:33:08,60.7522,-137.5108,57.2,21,0,5.75,clear sky
270,El Dorado,US,2021-04-26 01:33:08,38.7666,-120.5177,41.0,98,100,4.23,heavy intensity rain
271,Gizo,SB,2021-04-26 01:33:08,-8.103,156.8419,84.74,67,20,3.06,few clouds
272,Burnie,AU,2021-04-26 01:33:09,-41.0667,145.9167,61.0,62,11,14.0,few clouds
273,Pinega,RU,2021-04-26 01:33:09,64.7001,43.3936,40.01,93,100,5.41,overcast clouds
274,Payo,ID,2021-04-26 01:33:09,-3.7508,103.6372,83.44,67,67,2.51,broken clouds
275,Baghdad,IQ,2021-04-26 01:29:28,33.3406,44.4009,77.0,33,0,8.05,clear sky
276,Hofn,IS,2021-04-26 01:33:10,64.2539,-15.2082,43.57,71,12,17.11,few clouds
277,Palana,RU,2021-04-26 01:33:10,59.1167,159.9667,25.66,91,100,3.22,overcast clouds
278,Yulin,CN,2021-04-26 01:33:10,22.6333,110.15,71.96,88,100,5.35,light rain
279,Huoqiu,CN,2021-04-26 01:33:10,32.3394,116.2694,59.86,77,100,8.5,overcast clouds
280,Roebourne,AU,2021-04-26 01:31:04,-20.7833,117.1333,84.99,23,0,13.13,clear sky
281,Arraial Do Cabo,BR,2021-04-26 01:30:15,-22.9661,-42.0278,74.23,85,64,9.44,broken clouds
282,Port Macquarie,AU,2021-04-26 01:33:11,-31.4333,152.9167,73.0,57,1,7.65,clear sky
283,Vidim,RU,2021-04-26 01:33:11,56.4088,103.1106,33.26,93,100,9.26,light snow
284,Tifton,US,2021-04-26 01:33:12,31.4505,-83.5085,64.99,82,1,6.71,clear sky
285,Gorontalo,ID,2021-04-26 01:33:12,0.5412,123.0595,87.55,60,100,5.41,overcast clouds
286,Ucluelet,CA,2021-04-26 01:33:12,48.9329,-125.5528,51.8,76,75,6.91,broken clouds
287,La Reforma,MX,2021-04-26 01:33:12,25.0833,-108.05,80.01,53,100,1.01,overcast clouds
288,Taltal,CL,2021-04-26 01:33:13,-25.4,-70.4833,61.95,83,0,3.18,clear sky
289,Shadegan,IR,2021-04-26 01:33:13,30.6497,48.6647,77.0,83,5,11.5,mist
290,Amli,IN,2021-04-26 01:33:13,20.2833,73.0167,83.28,67,10,3.11,clear sky
291,Ouadda,CF,2021-04-26 01:33:14,8.0777,22.4007,69.62,94,100,4.09,overcast clouds
292,Mansfield,GB,2021-04-26 01:32:15,53.1333,-1.2,37.99,88,14,4.23,few clouds
293,Sudzha,RU,2021-04-26 01:33:14,51.1976,35.2726,34.25,97,100,4.7,snow
294,Saldanha,ZA,2021-04-26 01:33:14,-33.0117,17.9442,60.8,94,15,9.22,few clouds
295,Sunrise Manor,US,2021-04-26 01:33:14,36.2111,-115.0731,75.99,16,1,16.11,clear sky
296,Pine Hill,US,2021-04-26 01:33:15,39.7843,-74.9921,57.99,63,100,6.38,overcast clouds
297,Meulaboh,ID,2021-04-26 01:33:15,4.1363,96.1285,81.88,72,88,2.93,overcast clouds
298,Ostrovnoy,RU,2021-04-26 01:33:15,68.0531,39.5131,31.68,98,100,22.77,snow
299,Nalut,LY,2021-04-26 01:33:15,30.3333,10.85,67.77,27,64,16.33,broken clouds
300,Udgir,IN,2021-04-26 01:33:15,18.3833,77.1167,90.19,25,84,11.52,broken clouds
301,San Juan,AR,2021-04-26 01:33:16,-31.5375,-68.5364,65.26,44,0,5.61,clear sky
302,Yeppoon,AU,2021-04-26 01:33:16,-23.1333,150.7333,78.8,38,40,13.8,scattered clouds
303,Bay-Khaak,RU,2021-04-26 01:33:16,51.1667,94.5,37.53,41,43,10.71,scattered clouds
304,Amapa,BR,2021-04-26 01:33:16,1.0,-52.0,70.18,99,100,1.54,overcast clouds
305,Indi,IN,2021-04-26 01:33:17,17.1667,75.9667,90.19,30,88,11.21,overcast clouds
306,San Cristobal,VE,2021-04-26 01:33:17,7.7669,-72.225,78.8,78,75,5.75,broken clouds
307,Tecoanapa,MX,2021-04-26 01:33:17,16.5167,-98.75,81.48,76,82,2.73,broken clouds
308,Lompoc,US,2021-04-26 01:31:46,34.6391,-120.4579,55.4,82,100,9.22,overcast clouds
309,Boguchar,RU,2021-04-26 01:33:18,49.9358,40.545,39.74,53,100,2.89,overcast clouds
310,Takoradi,GH,2021-04-26 01:33:18,4.8845,-1.7554,79.57,86,100,6.02,light rain
311,Kwinana,AU,2021-04-26 01:33:18,-32.25,115.7667,71.01,68,20,7.14,few clouds
312,Te Anau,NZ,2021-04-26 01:33:18,-45.4167,167.7167,47.77,83,96,7.29,moderate rain
313,Mkushi,ZM,2021-04-26 01:33:19,-13.6202,29.3939,60.15,84,42,3.56,scattered clouds
314,Kaniama,CD,2021-04-26 01:33:19,-7.5667,24.1833,66.56,96,100,2.19,overcast clouds
315,Shitanjing,CN,2021-04-26 01:33:19,39.2342,106.3439,43.16,22,28,25.97,scattered clouds
316,Edd,ER,2021-04-26 01:33:19,13.9297,41.6925,86.47,62,92,11.54,overcast clouds
317,Narsaq,GL,2021-04-26 01:33:20,60.9167,-46.05,50.0,32,75,33.38,broken clouds
318,Yanam,IN,2021-04-26 01:33:20,16.7333,82.2167,82.4,83,40,3.44,mist
319,Hamilton,US,2021-04-26 01:30:14,39.1834,-84.5333,52.0,66,1,4.27,clear sky
320,Staunton,US,2021-04-26 01:31:08,38.1496,-79.0717,55.4,50,1,6.91,clear sky
321,Joshimath,IN,2021-04-26 01:33:20,30.5667,79.5667,59.72,40,0,6.62,clear sky
322,Lima,PE,2021-04-26 01:33:20,-12.0432,-77.0282,64.4,82,75,5.75,broken clouds
323,Bubaque,GW,2021-04-26 01:33:21,11.2833,-15.8333,77.54,68,40,14.61,scattered clouds
324,Narrabri,AU,2021-04-26 01:33:21,-30.3167,149.7833,72.0,40,0,3.44,clear sky
325,Pingzhuang,CN,2021-04-26 01:33:21,42.0372,119.2889,62.28,37,100,10.96,moderate rain
326,Mattru,SL,2021-04-26 01:33:21,7.6244,-11.8332,77.13,92,100,2.93,overcast clouds
327,Lake Forest,US,2021-04-26 01:29:29,33.647,-117.6892,63.0,63,75,8.05,broken clouds
328,Senanga,ZM,2021-04-26 01:33:22,-16.1167,23.2667,59.74,79,8,5.61,clear sky
329,Skibbereen,IE,2021-04-26 01:33:22,51.55,-9.2667,44.6,70,20,6.91,few clouds
330,Sai Buri,TH,2021-04-26 01:33:22,6.7013,101.6168,78.8,89,20,2.3,few clouds
331,Bellevue,US,2021-04-26 01:29:26,47.6104,-122.2007,57.99,54,75,5.75,broken clouds
332,Lago Da Pedra,BR,2021-04-26 01:33:23,-4.3333,-45.1667,73.56,95,89,1.54,overcast clouds
333,Beringovskiy,RU,2021-04-26 01:33:23,63.05,179.3167,31.86,90,60,1.63,broken clouds
334,Neftcala,AZ,2021-04-26 01:33:23,39.3742,49.2472,56.12,79,9,3.89,clear sky
335,Bayir,TR,2021-04-26 01:33:23,37.2687,28.2167,53.6,94,0,4.61,clear sky
336,Daphne,US,2021-04-26 01:32:52,30.6035,-87.9036,71.6,53,1,5.75,clear sky
337,Isangel,VU,2021-04-26 01:33:24,-19.55,169.2667,82.4,78,75,9.22,broken clouds
338,Aguilas,ES,2021-04-26 01:33:24,37.4063,-1.5829,60.01,93,100,1.99,overcast clouds
339,Nuevo Progreso,MX,2021-04-26 01:33:24,23.1667,-97.95,78.01,76,37,1.99,scattered clouds
340,Tessalit,ML,2021-04-26 01:33:24,20.1986,1.0114,86.36,8,3,7.94,clear sky
341,Bindura,ZW,2021-04-26 01:33:25,-17.3019,31.3306,59.0,77,84,5.99,broken clouds
342,Santa Isabel,BR,2021-04-26 01:33:25,-23.3156,-46.2214,68.0,88,0,4.61,clear sky
343,Flinders,AU,2021-04-26 01:33:25,-34.5833,150.8552,71.01,59,0,1.01,clear sky
344,Isla Vista,US,2021-04-26 01:30:16,34.4133,-119.861,57.0,82,90,16.11,light rain
345,Broome,US,2021-04-26 01:33:26,42.2506,-75.833,45.0,70,40,13.8,scattered clouds
346,Luderitz,NA,2021-04-26 01:33:26,-26.6481,15.1594,61.09,91,92,3.22,overcast clouds
347,Shizilu,CN,2021-04-26 01:33:26,35.1711,118.8289,54.37,83,100,4.0,light rain
348,Port Blair,IN,2021-04-26 01:29:25,11.6667,92.75,80.6,83,40,6.17,mist
349,Kutum,SD,2021-04-26 01:33:26,14.2,24.6667,74.95,15,43,11.1,scattered clouds
350,Kosh,AM,2021-04-26 01:33:27,40.3,44.1558,64.4,45,40,10.36,scattered clouds
351,Pundaguitan,PH,2021-04-26 01:33:27,6.3711,126.1689,83.05,72,100,3.29,overcast clouds
352,Basoko,CD,2021-04-26 01:33:27,1.2391,23.616,70.57,94,100,3.67,light rain
353,Vila,PT,2021-04-26 01:33:27,42.0304,-8.1588,52.0,94,26,2.75,scattered clouds
354,Deputatskiy,RU,2021-04-26 01:33:28,69.3,139.9,26.71,83,69,4.52,broken clouds
355,Poum,NC,2021-04-26 01:33:28,-20.2333,164.0167,77.36,70,63,21.0,broken clouds
356,Malanje,AO,2021-04-26 01:33:28,-9.5402,16.341,62.47,91,6,1.32,clear sky
357,Copiapo,CL,2021-04-26 01:33:28,-27.3667,-70.3333,60.8,77,90,8.05,overcast clouds
358,Inirida,CO,2021-04-26 01:33:29,3.8653,-67.9239,74.8,95,100,2.55,moderate rain
359,Orcopampa,PE,2021-04-26 01:33:29,-15.2661,-72.3417,44.58,73,7,1.45,clear sky
360,Sa Kaeo,TH,2021-04-26 01:33:29,13.75,102.3333,85.78,65,83,6.04,broken clouds
361,Tabou,CI,2021-04-26 01:33:29,4.423,-7.3528,76.24,89,100,4.94,overcast clouds
362,Wajima,JP,2021-04-26 01:33:29,37.4,136.9,50.0,37,20,12.66,few clouds
363,Osa,RU,2021-04-26 01:33:30,57.2829,55.4567,36.34,80,100,14.0,light rain
364,Taksimo,RU,2021-04-26 01:33:30,56.3444,114.8794,38.98,63,100,4.29,overcast clouds
365,Avera,US,2021-04-26 01:33:24,33.194,-82.5271,66.2,82,90,6.24,overcast clouds
366,Samarai,PG,2021-04-26 01:33:30,-10.6167,150.6667,85.6,68,49,10.94,scattered clouds
367,Victoria,HK,2021-04-26 01:33:31,22.2855,114.1577,75.0,78,100,4.0,overcast clouds
368,Uruzgan,AF,2021-04-26 01:33:31,32.8333,66.0,65.19,14,4,4.23,clear sky
369,Gari,RU,2021-04-26 01:33:31,59.4307,62.3497,38.37,77,0,10.83,clear sky
370,Hauknes,NO,2021-04-26 01:33:31,66.2833,14.0667,18.7,89,23,2.77,few clouds
371,Katherine,AU,2021-04-26 01:33:32,-14.4667,132.2667,86.0,58,75,14.97,broken clouds
372,Villagarzon,CO,2021-04-26 01:33:32,1.0375,-76.6267,72.72,96,98,3.44,overcast clouds
373,Codrington,AU,2021-04-26 01:33:16,-38.2667,141.9667,61.41,63,100,9.15,overcast clouds
374,Cherskiy,RU,2021-04-26 01:33:32,68.75,161.3,20.66,75,86,6.24,overcast clouds
375,Lesozavodsk,RU,2021-04-26 01:33:32,45.4794,133.4244,53.76,23,100,7.38,overcast clouds
376,Sur,OM,2021-04-26 01:33:33,22.5667,59.5289,83.84,42,19,6.42,few clouds
377,Wellington,NZ,2021-04-26 01:30:13,-41.2866,174.7756,62.6,45,3,16.11,clear sky
378,Dicabisagan,PH,2021-04-26 01:33:33,17.0818,122.4157,81.01,67,37,8.66,scattered clouds
379,Pokhara,NP,2021-04-26 01:33:33,28.2333,83.9833,82.27,12,0,2.19,clear sky
380,Zyuzelskiy,RU,2021-04-26 01:33:33,56.4856,60.1331,33.8,86,0,4.47,clear sky
381,Konstantinovo,BY,2021-04-26 01:33:34,54.6628,29.2699,27.7,92,21,6.98,few clouds
382,Nachalovo,RU,2021-04-26 01:33:34,46.338,48.2013,51.8,54,0,13.42,clear sky
383,Igrim,RU,2021-04-26 01:33:34,63.1906,64.4162,42.8,69,100,11.14,overcast clouds
384,Tambun,ID,2021-04-26 01:33:34,-6.2641,107.0712,90.0,78,4,5.75,haze
385,Chamba,IN,2021-04-26 01:33:35,32.5667,76.1333,68.9,40,0,7.29,clear sky
386,Nyagan,RU,2021-04-26 01:33:35,62.1406,65.3936,42.26,73,100,9.84,overcast clouds
387,Chilca,PE,2021-04-26 01:33:35,-12.5211,-76.7372,64.4,82,75,5.75,broken clouds
388,Gumdag,TM,2021-04-26 01:33:35,39.2061,54.5906,69.84,39,1,6.04,clear sky
389,Buraydah,SA,2021-04-26 01:33:36,26.326,43.975,77.0,47,20,6.91,few clouds
390,Bollnas,SE,2021-04-26 01:33:36,61.3482,16.3946,32.0,63,72,1.99,broken clouds
391,Shibetsu,JP,2021-04-26 01:33:36,43.659,145.132,41.0,30,40,14.97,scattered clouds
392,Iwanai,JP,2021-04-26 01:33:36,42.9744,140.5089,42.93,48,51,10.74,broken clouds
393,Plyussa,RU,2021-04-26 01:33:37,58.4308,29.3654,34.86,96,100,7.47,overcast clouds
394,Dauriya,RU,2021-04-26 01:33:37,49.9333,116.8667,60.98,38,84,19.28,broken clouds
395,Hami,CN,2021-04-26 01:32:45,42.8,93.45,47.07,12,88,2.24,overcast clouds
396,Yulara,AU,2021-04-26 01:33:37,-25.2406,130.9889,71.6,28,0,18.41,clear sky
397,Klyuchi,RU,2021-04-26 01:33:38,52.2667,79.1667,47.3,41,82,14.65,broken clouds
398,Halifax,CA,2021-04-26 01:29:18,44.6453,-63.5724,45.0,100,100,10.36,overcast clouds
399,Flagstaff,US,2021-04-26 01:33:40,35.1981,-111.6513,60.01,15,1,19.57,clear sky
400,Neuquen,AR,2021-04-26 01:29:07,-38.9516,-68.0591,59.0,72,0,3.44,clear sky
401,Hurricane,US,2021-04-26 01:33:40,37.1753,-113.2899,77.0,13,1,19.57,clear sky
402,Santiago De Las Vegas,CU,2021-04-26 01:33:41,22.97,-82.3869,80.6,78,40,4.61,scattered clouds
403,Toamasina,MG,2021-04-26 01:33:41,-18.1667,49.3833,73.4,100,40,9.22,light rain
404,Balkanabat,TM,2021-04-26 01:33:41,39.5108,54.3671,72.97,31,8,2.17,clear sky
405,Los Llanos De Aridane,ES,2021-04-26 01:32:44,28.6585,-17.9182,66.2,72,40,5.75,scattered clouds
406,Ganzhou,CN,2021-04-26 01:33:41,28.8184,115.4327,65.21,83,98,2.42,overcast clouds
407,Nelson,NZ,2021-04-26 01:32:14,-41.2833,173.2833,64.0,36,76,5.99,broken clouds
408,Port Lincoln,AU,2021-04-26 01:33:42,-34.7333,135.8667,65.61,64,1,8.05,clear sky
409,Itoman,JP,2021-04-26 01:33:42,26.1247,127.6694,75.0,60,40,11.5,scattered clouds
410,Manavalakurichi,IN,2021-04-26 01:33:42,8.1333,77.3,84.2,84,40,3.27,mist
411,Lingao,CN,2021-04-26 01:33:43,19.9103,109.6859,83.48,72,100,12.41,light rain
412,Soyo,AO,2021-04-26 01:33:43,-6.1349,12.3689,78.46,87,50,3.06,scattered clouds
413,Bonoua,CI,2021-04-26 01:33:43,5.2741,-3.595,80.6,94,20,4.61,few clouds
414,Praia Da Vitoria,PT,2021-04-26 01:33:43,38.7333,-27.0667,59.0,88,75,11.03,broken clouds
415,Marabba,SD,2021-04-26 01:33:44,12.35,32.1833,82.42,57,99,18.41,overcast clouds
416,Hameenlinna,FI,2021-04-26 01:33:44,60.996,24.4643,34.0,93,90,8.05,light snow
417,Zanjan,IR,2021-04-26 01:33:21,36.6736,48.4787,58.55,19,35,4.85,scattered clouds
418,Nanakuli,US,2021-04-26 01:33:44,21.3906,-158.1547,82.4,54,90,10.36,overcast clouds
419,Kavaratti,IN,2021-04-26 01:33:13,10.5669,72.642,83.84,74,24,7.25,few clouds
420,Limbang,MY,2021-04-26 01:33:45,4.75,115.0,86.0,70,75,3.44,broken clouds
421,Bafoulabe,ML,2021-04-26 01:33:45,13.8065,-10.8321,93.4,16,71,2.89,broken clouds
422,Sao Joao Da Barra,BR,2021-04-26 01:32:48,-21.6403,-41.0511,74.3,90,65,5.95,broken clouds
423,Geraldton,AU,2021-04-26 01:31:11,-28.7667,114.6,78.8,29,0,13.8,clear sky
424,Kodinsk,RU,2021-04-26 01:33:45,58.6881,99.1844,36.45,94,100,7.67,light snow
425,Youhao,CN,2021-04-26 01:33:46,47.8667,128.8333,56.07,25,100,5.41,overcast clouds
426,Le Pont-De-Claix,FR,2021-04-26 01:33:46,45.1244,5.7064,57.99,76,100,5.75,overcast clouds
427,Shemonaikha,KZ,2021-04-26 01:33:46,50.6328,81.9056,43.65,50,93,7.36,overcast clouds
428,Bujumbura,BI,2021-04-26 01:33:46,-3.3822,29.3644,69.62,92,100,0.13,light rain
429,Altay,CN,2021-04-26 01:33:46,47.8667,88.1167,38.08,28,53,2.24,broken clouds
430,Ilulissat,GL,2021-04-26 01:33:47,69.2167,-51.1,48.2,43,75,19.57,broken clouds
431,Kokopo,PG,2021-04-26 01:33:47,-4.352,152.2633,85.19,63,86,8.5,overcast clouds
432,Santa,PH,2021-04-26 01:33:47,17.486,120.4348,87.19,49,8,6.33,clear sky
433,Pindiga,NG,2021-04-26 01:33:47,9.9833,10.9333,79.81,53,100,4.34,overcast clouds
434,Clarence Town,AU,2021-04-26 01:33:48,-32.5833,151.7833,68.0,68,40,3.44,scattered clouds
435,Laguna,US,2021-04-26 01:33:48,38.421,-121.4238,61.0,55,40,10.36,scattered clouds
436,Forssa,FI,2021-04-26 01:33:48,60.8146,23.6215,32.0,92,100,1.99,overcast clouds
437,Almaznyy,RU,2021-04-26 01:33:48,48.0448,40.045,46.4,61,20,8.95,few clouds
438,Iracoubo,GF,2021-04-26 01:33:49,5.4802,-53.2011,77.27,90,100,9.28,overcast clouds
439,Kloulklubed,PW,2021-04-26 01:33:49,7.0419,134.2556,86.0,74,75,14.97,broken clouds
440,Beaumont,US,2021-04-26 01:28:56,30.0861,-94.1019,69.8,73,1,5.75,clear sky
441,Pucallpa,PE,2021-04-26 01:33:49,-8.3791,-74.5539,82.4,83,40,4.61,scattered clouds
442,San Rafael,AR,2021-04-26 01:33:50,-34.6177,-68.3301,59.47,55,0,4.61,clear sky
443,Kapoeta,SS,2021-04-26 01:33:50,4.7717,33.5903,73.83,77,100,3.0,moderate rain
444,Cruzeiro Do Sul,BR,2021-04-26 01:33:50,-29.5128,-51.9853,64.99,80,76,4.29,broken clouds
445,Oloron-Sainte-Marie,FR,2021-04-26 01:33:50,43.1944,-0.6107,57.2,82,75,3.44,broken clouds
446,Buala,SB,2021-04-26 01:33:51,-8.145,159.5921,84.09,75,63,2.08,light rain
447,Cockburn Town,TC,2021-04-26 01:33:51,21.4612,-71.1419,78.8,73,40,11.5,scattered clouds
448,Tual,ID,2021-04-26 01:33:51,-5.6667,132.75,83.17,69,77,8.03,broken clouds
449,Nantucket,US,2021-04-26 01:31:07,41.2835,-70.0995,48.2,93,90,20.71,overcast clouds
450,Vila Franca Do Campo,PT,2021-04-26 01:33:06,37.7167,-25.4333,59.0,82,75,10.36,broken clouds
451,Westport,US,2021-04-26 01:30:55,41.1415,-73.3579,55.4,67,1,11.45,clear sky
452,Langsa,ID,2021-04-26 01:33:51,4.4683,97.9683,82.35,76,100,1.77,overcast clouds
453,Kaeo,NZ,2021-04-26 01:33:52,-35.1,173.7833,66.99,77,19,1.99,moderate rain
454,Naryan-Mar,RU,2021-04-26 01:33:52,67.6713,53.087,37.24,93,100,6.11,overcast clouds
455,Bandarbeyla,SO,2021-04-26 01:33:52,9.4942,50.8122,81.59,73,100,6.2,overcast clouds
456,Hailar,CN,2021-04-26 01:33:06,49.2,119.7,53.26,63,100,20.45,overcast clouds
457,Matagami,CA,2021-04-26 01:32:34,49.7502,-77.6328,19.4,93,90,17.27,light snow
458,Maralal,KE,2021-04-26 01:33:53,1.0968,36.698,57.51,79,76,4.85,broken clouds
459,Burns Lake,CA,2021-04-26 01:30:14,54.2331,-125.7533,53.6,19,17,5.75,few clouds
460,Kayerkan,RU,2021-04-26 01:33:53,69.3497,87.7602,10.98,83,99,4.45,overcast clouds
461,Caohe,CN,2021-04-26 01:33:53,30.2297,115.4335,61.47,87,100,3.96,overcast clouds
462,Ruidoso,US,2021-04-26 01:33:53,33.3317,-105.673,68.0,8,1,20.71,clear sky
463,Mandalgovi,MN,2021-04-26 01:33:54,45.7625,106.2708,31.84,75,100,28.52,overcast clouds
464,Dali,CN,2021-04-26 01:33:54,25.7,100.1833,72.7,24,0,3.96,clear sky
465,North Bend,US,2021-04-26 01:33:54,43.4065,-124.2243,48.99,93,90,12.66,overcast clouds
466,Zhigansk,RU,2021-04-26 01:33:54,66.7697,123.3711,29.57,98,100,11.3,snow
467,Evensk,RU,2021-04-26 01:33:55,61.95,159.2333,26.92,82,96,9.44,overcast clouds
468,Kihei,US,2021-04-26 01:33:55,20.785,-156.4656,78.8,65,40,26.46,scattered clouds
469,Luwuk,ID,2021-04-26 01:33:55,-0.9516,122.7875,85.15,64,78,5.48,broken clouds
470,Angoche,MZ,2021-04-26 01:33:55,-16.2325,39.9086,73.63,91,88,3.0,moderate rain
471,Bintulu,MY,2021-04-26 01:33:44,3.1667,113.0333,82.4,89,20,5.75,few clouds
472,Nueva Loja,EC,2021-04-26 01:33:56,0.0847,-76.8828,72.12,98,88,2.48,overcast clouds
473,Mozhaysk,RU,2021-04-26 01:33:56,55.5019,36.0272,29.08,85,9,8.1,clear sky
474,Rupnagar,IN,2021-04-26 01:33:56,30.9664,76.5331,84.99,31,0,4.05,clear sky
475,Tautira,PF,2021-04-26 01:33:56,-17.7333,-149.15,86.0,66,20,5.75,light rain
476,Grand Gaube,MU,2021-04-26 01:33:57,-20.0064,57.6608,75.0,89,100,5.01,moderate rain
477,Iralaya,HN,2021-04-26 01:33:57,15.0,-83.2333,79.25,70,15,10.54,few clouds
478,Karratha,AU,2021-04-26 01:33:57,-20.7377,116.8463,85.95,26,0,12.37,clear sky
479,Lata,PT,2021-04-26 01:33:58,40.1629,-8.3327,57.99,88,20,5.75,few clouds
480,Valky,UA,2021-04-26 01:33:58,49.8387,35.6207,37.4,70,0,4.47,light rain
481,Bourail,NC,2021-04-26 01:33:58,-21.5667,165.4833,75.61,70,73,10.6,broken clouds
482,Fez,MA,2021-04-26 01:29:24,34.0372,-4.9998,53.6,94,75,6.91,broken clouds
483,Reconquista,AR,2021-04-26 01:33:59,-29.15,-59.65,52.97,68,0,6.4,clear sky
484,Warsaw,PL,2021-04-26 01:33:46,52.2298,21.0118,37.0,86,0,2.3,clear sky
485,Presidencia Roque Saenz Pena,AR,2021-04-26 01:33:57,-26.7852,-60.4388,55.13,82,0,5.03,clear sky
486,Atar,MR,2021-04-26 01:33:51,20.5169,-13.0499,76.71,21,0,4.09,clear sky
487,Buta,CD,2021-04-26 01:33:59,2.7858,24.73,68.07,99,100,2.06,light rain
488,Ambilobe,MG,2021-04-26 01:33:59,-13.2,49.05,70.29,87,82,3.36,broken clouds
489,Berdigestyakh,RU,2021-04-26 01:33:59,62.0989,126.6992,34.68,99,100,6.76,light snow
490,Kusu,JP,2021-04-26 01:34:00,33.2831,131.1514,66.2,22,0,2.3,clear sky
491,Nyurba,RU,2021-04-26 01:34:00,63.2842,118.3319,29.91,83,100,11.68,overcast clouds
492,Palmer,US,2021-04-26 01:34:00,42.1584,-72.3287,48.2,81,40,4.61,scattered clouds
493,Thinadhoo,MV,2021-04-26 01:34:01,0.5333,72.9333,82.33,64,54,3.87,broken clouds
494,Juneau,US,2021-04-26 01:29:03,58.3019,-134.4197,62.6,20,20,8.05,few clouds
495,Plouzane,FR,2021-04-26 01:34:01,48.3833,-4.6167,46.4,87,0,20.71,clear sky
496,Assiniboia,CA,2021-04-26 01:34:02,49.6334,-105.9845,35.6,93,100,10.36,overcast clouds
497,Ola,RU,2021-04-26 01:34:02,59.5833,151.2833,23.92,54,13,1.21,few clouds
498,Quatre Cocos,MU,2021-04-26 01:34:02,-20.2078,57.7625,75.2,94,75,11.5,light rain
499,Milkovo,RU,2021-04-26 01:34:02,54.7167,158.6167,40.14,73,100,2.21,overcast clouds
500,Hithadhoo,MV,2021-04-26 01:30:16,-0.6,73.0833,82.44,68,60,4.56,broken clouds
501,Xai-Xai,MZ,2021-04-26 01:34:03,-25.0519,33.6442,69.4,89,9,2.19,clear sky
502,Sisimiut,GL,2021-04-26 01:34:03,66.9395,-53.6735,38.53,78,100,3.47,overcast clouds
503,Yuli,NG,2021-04-26 01:34:03,9.6989,10.2744,81.88,57,90,2.66,overcast clouds
504,Chingirlau,KZ,2021-04-26 01:34:04,51.095,54.0814,40.53,62,99,2.53,overcast clouds
505,Praia,CV,2021-04-26 01:34:04,14.9215,-23.5087,69.8,73,75,16.11,broken clouds
506,Hambantota,LK,2021-04-26 01:34:04,6.1241,81.1185,77.0,100,20,4.88,few clouds
507,Cairns,AU,2021-04-26 01:34:04,-16.9167,145.7667,75.2,94,90,10.36,moderate rain
508,Pedernales,DO,2021-04-26 01:34:05,18.0384,-71.744,78.46,72,68,5.44,broken clouds
509,Muroto,JP,2021-04-26 01:34:05,33.2833,134.15,62.6,36,0,6.91,clear sky
510,Ketchikan,US,2021-04-26 01:34:05,55.3422,-131.6461,60.8,29,1,11.5,clear sky
511,Ipixuna,BR,2021-04-26 01:34:06,-1.7625,-48.8043,77.0,94,90,2.3,heavy intensity rain
512,Balikpapan,ID,2021-04-26 01:34:06,-1.2675,116.8289,84.22,66,63,4.68,light rain
513,Shache,CN,2021-04-26 01:34:06,38.4167,77.2406,61.88,19,0,7.85,clear sky
514,Lagoa,PT,2021-04-26 01:30:12,39.05,-27.9833,59.16,84,100,10.94,overcast clouds
515,Padang,ID,2021-04-26 01:31:11,-0.9492,100.3543,82.27,74,95,0.87,overcast clouds
516,Kinango,KE,2021-04-26 01:34:07,-4.1372,39.3153,80.6,89,75,9.22,broken clouds
517,Jalu,LY,2021-04-26 01:34:07,29.0331,21.5482,61.29,57,0,10.09,clear sky
518,Verkh-Neyvinskiy,RU,2021-04-26 01:34:07,57.2701,60.1376,35.65,81,64,12.12,broken clouds
519,Bonthe,SL,2021-04-26 01:34:08,7.5264,-12.505,81.03,81,99,7.61,overcast clouds
520,Eyl,SO,2021-04-26 01:34:08,7.9803,49.8164,82.29,76,96,6.91,light rain
521,Osoyoos,CA,2021-04-26 01:34:08,49.0331,-119.4524,50.0,76,100,2.3,overcast clouds
522,Palenque,MX,2021-04-26 01:34:08,17.5167,-91.9667,85.73,59,87,7.11,overcast clouds
523,Palmas Bellas,PA,2021-04-26 01:34:08,9.2319,-80.0867,82.0,61,54,5.01,broken clouds
524,Arrecife,ES,2021-04-26 01:34:09,28.963,-13.5477,66.2,77,0,6.91,clear sky
525,Constancia,MX,2021-04-26 01:34:09,24.2231,-107.1869,75.0,72,100,1.99,overcast clouds
526,Undory,RU,2021-04-26 01:34:09,54.6085,48.3928,37.4,70,2,15.66,clear sky
527,Doha,QA,2021-04-26 01:31:40,25.2867,51.5333,81.0,73,6,4.61,clear sky
528,Adrar,MR,2021-04-26 01:34:10,20.5022,-10.0711,80.46,21,56,9.13,broken clouds
529,Korla,CN,2021-04-26 01:34:10,41.7597,86.1469,52.21,18,40,5.26,scattered clouds
530,Ondangwa,NA,2021-04-26 01:34:10,-17.9167,15.95,62.6,59,0,2.3,clear sky
531,Rabo De Peixe,PT,2021-04-26 01:34:11,37.8,-25.5833,59.0,82,75,10.36,broken clouds
532,Saiha,IN,2021-04-26 01:34:11,22.4833,92.9667,87.67,18,0,0.94,clear sky
533,Bonnyville,CA,2021-04-26 01:31:41,54.2668,-110.735,46.4,23,40,12.66,scattered clouds
534,Ancud,CL,2021-04-26 01:34:11,-41.8697,-73.8203,53.01,93,75,1.14,broken clouds
535,Bellavista,PE,2021-04-26 01:34:11,-7.0561,-76.5911,78.8,89,40,2.3,scattered clouds
536,Sola,VU,2021-04-26 01:34:12,-13.8833,167.55,87.8,74,40,5.75,scattered clouds
537,Jardim,BR,2021-04-26 01:34:12,-21.4803,-56.1381,68.47,83,96,3.74,overcast clouds
538,Kitgum,UG,2021-04-26 01:34:12,3.2783,32.8867,64.9,98,88,1.57,light rain
539,Opuwo,NA,2021-04-26 01:34:13,-18.0607,13.84,62.44,59,0,2.98,clear sky
540,Christchurch,NZ,2021-04-26 01:30:14,-43.5333,172.6333,64.4,27,0,9.22,clear sky
541,Bilibino,RU,2021-04-26 01:34:13,68.0546,166.4372,23.77,80,100,3.56,overcast clouds
542,High Prairie,CA,2021-04-26 01:34:13,55.4334,-116.4858,48.2,23,100,10.36,overcast clouds
543,Makat,KZ,2021-04-26 01:34:13,47.6469,53.3463,52.14,74,91,19.42,overcast clouds
544,Prince Rupert,CA,2021-04-26 01:29:46,54.3161,-130.3201,59.0,31,1,9.22,clear sky
545,Sao Lourenco Do Sul,BR,2021-04-26 01:34:14,-31.3653,-51.9783,60.01,87,0,4.0,clear sky
546,Zyryanka,RU,2021-04-26 01:34:14,65.75,150.85,24.3,74,19,14.97,few clouds
547,Maniitsoq,GL,2021-04-26 01:34:14,65.4167,-52.9,39.16,79,100,1.74,overcast clouds
548,Puerto Montt,CL,2021-04-26 01:32:18,-41.4698,-72.9447,50.0,93,90,0.67,overcast clouds
549,Santa Rosalia,MX,2021-04-26 01:34:15,27.3167,-112.2833,73.31,42,100,2.93,overcast clouds
550,Sabzevar,IR,2021-04-26 01:34:15,36.2126,57.6819,68.52,28,91,6.89,overcast clouds
551,Djenne,ML,2021-04-26 01:34:15,13.9061,-4.5533,91.49,19,98,5.75,overcast clouds
552,Aljezur,PT,2021-04-26 01:34:15,37.3191,-8.8033,58.64,92,98,8.63,overcast clouds
553,Kuroishi,JP,2021-04-26 01:34:16,40.6389,140.5922,52.0,49,40,9.22,scattered clouds
554,Chicama,PE,2021-04-26 01:34:16,-7.8447,-79.1469,64.4,88,10,12.66,clear sky
555,Asau,RO,2021-04-26 01:33:56,46.4333,26.4,41.0,62,51,0.72,light rain
556,Port Augusta,AU,2021-04-26 01:34:16,-32.5,137.7667,69.8,52,2,5.75,clear sky
557,Gogrial,SS,2021-04-26 01:34:17,8.5332,28.1004,77.16,69,100,9.1,overcast clouds
558,San Andres,CO,2021-04-26 01:34:17,12.5847,-81.7006,82.4,78,40,9.22,scattered clouds
559,Arlit,NE,2021-04-26 01:34:17,18.7369,7.3853,87.78,10,22,9.57,few clouds
560,Wana,PK,2021-04-26 01:34:17,32.2989,69.5725,69.12,30,0,2.77,clear sky
561,Vardo,NO,2021-04-26 01:34:18,70.3705,31.1107,31.55,68,39,6.76,scattered clouds
562,Jaroslaw,PL,2021-04-26 01:34:18,50.0162,22.6778,32.0,100,0,6.58,clear sky
563,Garowe,SO,2021-04-26 01:34:18,8.4054,48.4845,76.35,80,77,8.7,broken clouds
564,Chiredzi,ZW,2021-04-26 01:34:18,-21.05,31.6667,60.98,45,0,2.93,clear sky
565,Save,BJ,2021-04-26 01:34:19,8.0425,2.486,77.5,91,60,2.53,broken clouds
566,Shetpe,KZ,2021-04-26 01:34:19,44.1667,52.1167,60.01,45,55,2.75,broken clouds
567,Royan,FR,2021-04-26 01:34:19,45.6285,-1.0281,62.6,48,100,11.5,overcast clouds
568,Pyapon,MM,2021-04-26 01:34:19,16.2833,95.6833,86.05,57,100,4.83,overcast clouds
569,Raglan,NZ,2021-04-26 01:34:20,-37.8,174.8833,64.99,70,54,13.0,broken clouds
570,Mogadishu,SO,2021-04-26 01:34:20,2.0371,45.3438,82.51,76,76,11.32,light rain
571,Tarakan,ID,2021-04-26 01:32:59,3.3,117.6333,86.0,79,75,6.91,broken clouds
572,Sulangan,PH,2021-04-26 01:34:20,11.1373,123.7228,81.68,75,27,11.95,scattered clouds
573,Chernyshevskiy,RU,2021-04-26 01:34:21,63.0128,112.4714,20.37,67,94,12.82,overcast clouds
574,Boyolangu,ID,2021-04-26 01:34:21,-8.1181,111.8935,82.99,70,28,2.21,scattered clouds
575,Havre-Saint-Pierre,CA,2021-04-26 01:34:21,50.2334,-63.5986,37.4,81,40,8.05,scattered clouds
576,Nioki,CD,2021-04-26 01:34:21,-2.7167,17.6833,71.02,95,100,2.89,light rain
577,Sora,IT,2021-04-26 01:34:22,41.7157,13.6141,53.01,84,33,2.26,scattered clouds
578,Kalmunai,LK,2021-04-26 01:34:22,7.4167,81.8167,80.4,76,100,4.79,overcast clouds
579,Sao Joao Evangelista,BR,2021-04-26 01:34:22,-18.5478,-42.7633,64.89,80,63,0.81,broken clouds
580,French Harbor,HN,2021-04-26 01:34:22,16.35,-86.4333,84.2,79,20,13.8,few clouds
581,Cayenne,GF,2021-04-26 01:33:41,4.9333,-52.3333,81.0,83,20,6.91,few clouds
582,Sakakah,SA,2021-04-26 01:34:23,29.9697,40.2064,75.2,23,0,11.5,clear sky
583,Etaples,FR,2021-04-26 01:34:23,50.5219,1.6332,41.0,81,0,10.36,clear sky
584,Elko,US,2021-04-26 01:34:23,41.0002,-115.5012,39.99,87,90,4.61,moderate rain
585,Torfyanoy,RU,2021-04-26 01:34:23,58.4916,49.1979,33.53,96,100,11.79,light snow
586,Aksarka,RU,2021-04-26 01:34:24,66.5606,67.7975,33.69,95,97,11.56,overcast clouds
587,Quilmana,PE,2021-04-26 01:34:24,-12.95,-76.3833,67.89,84,17,1.61,few clouds
588,Omboue,GA,2021-04-26 01:34:24,-1.5746,9.2618,79.05,85,60,3.71,broken clouds
589,Mareeba,AU,2021-04-26 01:34:24,-17.0,145.4333,75.2,94,90,10.36,overcast clouds
590,Salvador,SV,2021-04-26 01:34:26,13.8333,-88.9167,82.4,74,20,3.44,few clouds
591,Artigas,UY,2021-04-26 01:33:27,-30.4,-56.4667,52.92,66,0,7.63,clear sky
592,Vangaindrano,MG,2021-04-26 01:34:26,-23.35,47.6,70.05,91,65,1.07,broken clouds
593,Waipawa,NZ,2021-04-26 01:34:26,-41.4122,175.5153,62.6,45,25,16.11,scattered clouds
594,Yefremov,RU,2021-04-26 01:34:28,53.1481,38.0992,31.53,76,0,5.99,clear sky
595,Roma,US,2021-04-26 01:31:41,43.2128,-75.4557,42.8,56,20,20.71,few clouds
596,Chama,CH,2021-04-26 01:34:28,47.1821,8.4636,48.2,53,100,4.61,overcast clouds
597,Pontalina,BR,2021-04-26 01:34:28,-17.525,-49.4472,69.08,62,83,3.18,broken clouds
598,Sosnovo-Ozerskoye,RU,2021-04-26 01:34:28,52.5249,111.5418,33.48,99,100,19.51,snow
599,Portland,US,2021-04-26 01:31:24,45.5234,-122.6762,57.99,58,75,10.36,broken clouds
600,Constantine,DZ,2021-04-26 01:34:29,36.365,6.6147,62.6,51,0,11.5,clear sky
601,Lodja,CD,2021-04-26 01:34:29,-3.4833,23.4333,68.11,99,100,1.03,light rain
602,Richards Bay,ZA,2021-04-26 01:33:41,-28.783,32.0377,64.26,92,4,4.25,clear sky
603,Starobaltachevo,RU,2021-04-26 01:34:29,56.0013,55.9213,36.81,76,6,14.88,clear sky
604,Murakami,JP,2021-04-26 01:34:30,38.2333,139.4833,51.8,50,75,16.11,broken clouds
605,Tabuk,PH,2021-04-26 01:34:30,17.4189,121.4443,82.36,56,34,5.03,scattered clouds
606,Ahipara,NZ,2021-04-26 01:34:30,-35.1667,173.1667,63.68,67,27,9.28,scattered clouds
607,Kieta,PG,2021-04-26 01:34:30,-6.2167,155.6333,86.36,63,28,6.67,scattered clouds
608,Gobabis,NA,2021-04-26 01:34:31,-22.45,18.9667,59.34,27,0,10.74,clear sky
609,Hoquiam,US,2021-04-26 01:34:31,46.9809,-123.8893,52.0,81,40,9.22,scattered clouds
610,Salamanca,ES,2021-04-26 01:30:06,40.8333,-6.0,48.99,93,0,3.44,clear sky
611,Kadirli,TR,2021-04-26 01:34:31,37.3739,36.0961,68.0,67,100,1.66,overcast clouds
612,Davila,PH,2021-04-26 01:34:32,18.4726,120.5763,84.2,58,75,4.61,broken clouds
613,Jijiga,ET,2021-04-26 01:34:32,9.35,42.8,61.38,94,100,4.68,moderate rain
614,Zhangjiakou,CN,2021-04-26 01:33:56,40.81,114.8794,58.23,54,85,4.59,overcast clouds
615,Kyabe,TD,2021-04-26 01:34:32,9.4515,18.9449,78.08,65,100,4.7,overcast clouds
616,Novyy Urengoy,RU,2021-04-26 01:33:02,66.0833,76.6333,30.99,91,100,13.47,overcast clouds
617,Torzhok,RU,2021-04-26 01:34:32,57.0436,34.9622,31.42,87,100,9.24,overcast clouds
618,Phetchabun,TH,2021-04-26 01:34:33,16.25,101.0833,86.0,94,40,3.22,scattered clouds
619,Manzil Salim,TN,2021-04-26 01:34:33,35.8567,8.4765,64.4,29,0,10.36,clear sky
620,Mozarlandia,BR,2021-04-26 01:34:33,-14.7447,-50.5706,74.84,63,79,5.57,broken clouds
621,Okhotsk,RU,2021-04-26 01:34:33,59.3833,143.3,26.29,58,3,5.7,clear sky
622,Otradnoye,RU,2021-04-26 01:34:34,59.7775,30.8181,37.99,87,75,8.95,broken clouds
623,Porto Novo,BJ,2021-04-26 01:34:34,6.4965,2.6036,84.2,74,20,6.91,few clouds
624,Mingaora,PK,2021-04-26 01:31:55,34.7758,72.3625,66.97,42,0,6.53,clear sky
625,Tadine,NC,2021-04-26 01:34:34,-21.55,167.8833,76.14,73,71,13.94,broken clouds
626,Warri,NG,2021-04-26 01:34:35,5.5167,5.75,78.26,89,78,3.06,broken clouds
627,Tirumullaivasal,IN,2021-04-26 01:34:35,11.2333,79.8333,84.38,69,24,7.85,few clouds
628,Catabola,AO,2021-04-26 01:34:35,-12.15,17.2833,62.51,63,85,1.16,overcast clouds
629,Chor,PK,2021-04-26 01:34:35,25.5167,69.7667,85.91,29,0,2.89,clear sky
630,Pangkalanbuun,ID,2021-04-26 01:34:36,-2.6833,111.6167,87.58,61,50,3.49,light rain
631,Ishigaki,JP,2021-04-26 01:34:36,24.3448,124.1572,75.2,60,75,13.8,broken clouds
632,Tucuman,AR,2021-04-26 01:30:15,-26.8241,-65.2226,66.2,68,75,8.05,broken clouds
633,Dzilam Gonzalez,MX,2021-04-26 01:34:36,21.2833,-88.9333,78.96,75,0,7.36,clear sky
634,Semypolky,UA,2021-04-26 01:34:37,50.7167,30.9333,39.99,81,75,11.18,broken clouds
635,Shirgaon,IN,2021-04-26 01:34:37,19.7,72.7,82.47,77,9,1.54,clear sky
636,Aktas,KZ,2021-04-26 01:34:37,49.7789,72.9608,32.0,74,0,7.87,clear sky
637,Ixtapa,MX,2021-04-26 01:34:37,20.7,-105.2,79.0,78,90,10.36,overcast clouds
638,Chiang Klang,TH,2021-04-26 01:34:38,19.2938,100.8617,82.99,94,40,3.44,scattered clouds
639,Znamenskoye,RU,2021-04-26 01:34:38,57.1281,73.8282,43.9,58,57,9.75,broken clouds
640,Coahuayana,MX,2021-04-26 01:34:38,18.7333,-103.6833,74.37,81,96,2.35,overcast clouds
641,Ca Mau,VN,2021-04-26 01:34:39,9.1769,105.15,89.28,57,85,6.04,overcast clouds
642,Constitucion,CL,2021-04-26 01:34:39,-35.3333,-72.4167,56.91,79,0,9.19,clear sky
643,Iraquara,BR,2021-04-26 01:34:39,-12.2486,-41.6194,71.6,88,0,3.44,clear sky
644,Misratah,LY,2021-04-26 01:34:40,32.3754,15.0925,61.39,85,8,10.36,clear sky
645,Bako,ET,2021-04-26 01:34:40,5.7833,36.5667,61.99,94,100,2.42,light rain
646,Preobrazheniye,RU,2021-04-26 01:34:40,42.9019,133.9064,47.89,47,40,9.73,scattered clouds
647,Ponta Delgada,PT,2021-04-26 01:34:40,37.7333,-25.6667,59.0,82,75,10.36,broken clouds
648,Nkhotakota,MW,2021-04-26 01:34:41,-12.9274,34.2961,69.75,84,42,5.21,scattered clouds
649,Zharkovskiy,RU,2021-04-26 01:34:41,55.849,32.2697,28.22,96,14,6.24,few clouds
650,Muros,ES,2021-04-26 01:34:42,42.7762,-9.0603,55.0,94,12,3.0,few clouds
651,Kedougou,SN,2021-04-26 01:34:42,12.5579,-12.1743,87.3,20,31,3.24,scattered clouds
652,San Patricio,US,2021-04-26 01:34:42,28.017,-97.5169,77.0,83,75,11.5,broken clouds
653,Rancho Palos Verdes,US,2021-04-26 01:34:42,33.7445,-118.387,61.0,77,75,17.27,broken clouds
654,Casa Grande,US,2021-04-26 01:34:43,32.8795,-111.7573,89.6,6,1,17.27,clear sky
655,Vila Velha,BR,2021-04-26 01:34:43,-20.3297,-40.2925,77.0,83,0,8.05,clear sky
656,Merauke,ID,2021-04-26 01:33:39,-8.4667,140.3333,82.22,74,97,3.02,overcast clouds
657,Bairiki,KI,2021-04-26 01:34:43,1.3292,172.9752,78.8,89,75,6.91,light rain
658,Kota Kinabalu,MY,2021-04-26 01:30:54,5.9749,116.0724,86.0,70,20,4.61,few clouds
659,Rio Gallegos,AR,2021-04-26 01:32:50,-51.6226,-69.2181,55.4,47,0,11.5,clear sky
660,Piacabucu,BR,2021-04-26 01:34:44,-10.4056,-36.4344,77.56,83,15,6.02,few clouds
661,Panalingaan,PH,2021-04-26 01:34:44,8.7842,117.4231,85.68,66,71,5.19,broken clouds
662,Rantepao,ID,2021-04-26 01:34:44,-2.9701,119.8978,79.43,65,94,2.73,overcast clouds
663,Kumluca,TR,2021-04-26 01:34:44,36.3703,30.2869,65.05,52,4,5.61,clear sky
664,Sidi Ali,DZ,2021-04-26 01:34:45,36.0998,0.4206,58.3,88,100,12.68,overcast clouds
665,Ust-Maya,RU,2021-04-26 01:34:45,60.4167,134.5333,35.44,96,100,4.97,overcast clouds
666,Nesna,NO,2021-04-26 01:34:45,66.1967,13.0213,34.93,71,37,5.39,scattered clouds
667,Barreirinhas,BR,2021-04-26 01:34:45,-2.7469,-42.8264,76.66,88,21,5.23,few clouds
668,Wagga Wagga,AU,2021-04-26 01:34:46,-35.1167,147.3667,64.0,55,0,5.75,clear sky
669,Merzifon,TR,2021-04-26 01:34:46,40.8733,35.4631,44.6,93,75,2.3,light rain
670,Namatanai,PG,2021-04-26 01:34:46,-3.6667,152.4333,83.19,70,100,4.03,overcast clouds
671,San Luis,AR,2021-04-26 01:34:47,-33.295,-66.3356,57.2,63,0,5.5,clear sky
672,Providencia,MX,2021-04-26 01:34:47,28.7167,-111.5833,80.01,44,100,5.01,overcast clouds
673,Xinyu,CN,2021-04-26 01:34:47,27.8043,114.9334,62.62,90,100,2.24,light rain
674,Novichikha,RU,2021-04-26 01:34:47,52.204,81.3877,45.68,49,100,11.43,overcast clouds
675,Zyryanovsk,KZ,2021-04-26 01:34:48,49.7386,84.2719,40.19,51,39,2.13,scattered clouds
676,Durusu,TR,2021-04-26 01:34:48,41.3053,28.6767,51.01,76,75,11.5,broken clouds
677,Villa Maria,AR,2021-04-26 01:30:21,-32.4075,-63.2402,55.0,68,0,1.01,clear sky
678,Saint Anthony,US,2021-04-26 01:34:48,45.0205,-93.218,43.0,52,90,9.22,overcast clouds
679,Chota,PE,2021-04-26 01:34:48,-6.55,-78.65,55.17,92,55,0.25,broken clouds
680,Urumqi,CN,2021-04-26 01:34:49,43.801,87.6005,44.6,33,0,2.24,clear sky
681,Glazunovka,RU,2021-04-26 01:34:49,52.4986,36.3275,32.56,68,69,4.0,broken clouds
682,Esterhazy,CA,2021-04-26 01:34:49,50.65,-102.0843,39.2,70,100,10.36,light rain
683,Maragogi,BR,2021-04-26 01:34:49,-9.0122,-35.2225,77.72,83,38,6.87,scattered clouds
684,Lenine,UA,2021-04-26 01:34:50,45.2986,35.7771,46.44,69,100,10.56,overcast clouds
685,Erzin,TR,2021-04-26 01:34:50,36.9559,36.2,68.0,67,81,1.12,broken clouds
686,Tambopata,PE,2021-04-26 01:34:50,-12.7333,-69.1833,66.88,94,100,6.96,light rain
687,Msanga,TZ,2021-04-26 01:34:51,-6.05,36.0333,68.0,88,75,10.36,broken clouds
688,Escarcega,MX,2021-04-26 01:34:51,18.6089,-90.7454,79.79,67,7,5.3,clear sky
689,Lucea,JM,2021-04-26 01:34:51,18.451,-78.1736,80.6,78,20,4.61,few clouds
690,Nan,TH,2021-04-26 01:34:51,18.8333,100.6667,73.4,94,40,3.44,scattered clouds
691,Jacmel,HT,2021-04-26 01:34:51,18.2342,-72.5347,82.4,69,48,5.75,scattered clouds
692,Palora,EC,2021-04-26 01:34:52,-1.7,-77.9333,65.57,97,100,2.89,light rain
693,Kawalu,ID,2021-04-26 01:34:52,-7.3817,108.2082,81.39,69,34,2.19,scattered clouds
694,Sorong,ID,2021-04-26 01:33:22,-0.8833,131.25,84.94,64,61,4.7,broken clouds
695,Abu Samrah,SY,2021-04-26 01:34:53,35.3029,37.1841,67.32,42,21,4.61,few clouds
